channel,posted_at,view_count,comment_count,video_likes,Title,video_id
Ch-2,2024-01-13T15:30:10Z,1128502,1505,27194,"#GoppoMirerThek Ep 53 | Manush Pishach | Hemendra Kumar Ray | Mir, Somak, Durnibar",bqY_lm8CHCY
Ch-2,2023-07-29T15:30:09Z,861696,1351,20140,#GoppoMirerThek Ep 29 | Srikanta O Rajlakshmi Part 1 | Sarat Chandra Chattopadhyay,0zCag8UQroY
Ch-2,2023-09-30T15:30:11Z,1621845,1557,31314,"#GoppoMirerThek Ep 38 | Sherlock Holmes & The Sign of the Four Part 1| Somak, Mir",DVH9CUuioTY
Ch-2,2024-01-06T15:30:10Z,629772,969,18150,"#GoppoMirerThek Ep 52 | Lalu | Sarat Chandra Chattopadhyay | Mir, Samapan, Papiya",jBCwqXvwzAc
Ch-2,2023-01-23T15:30:09Z,831815,3534,40551,জুড়িগাড়িতে ওটা কার চাউনি? Goppo Mir-er Thek Ep 01 | Mastermashai,EcIDh5OEOyo
Ch-2,2023-04-29T15:30:10Z,1521819,1789,37122,"রাজা বিক্রমাদিত্য, আমার প্রশ্নের উত্তর দেবে? #GoppoMirerThek Ep 16",41P9rA2nPFE
Ch-2,2023-05-13T15:30:09Z,1089047,1566,25262,দেবীর কাছে কে প্রাণ দিল? #GoppoMirerThek Episode 18,BnjaH6y0R9w
Ch-2,2023-12-09T15:30:10Z,834868,1325,25450,"#GoppoMirerThek Ep 48 | Tirol er Bala | Bibhutibhushan Bandyopadhyay | Mir, Ayantika",R07x2FsbJgk
Ch-2,2023-12-30T15:30:13Z,1714915,1767,37698,#GoppoMirerThek Ep 51 | Taranath Tantrik-er Aschorjyo Duniya | Taradas Bandopadhyay,A5YgdQUtBoE
Ch-2,2023-10-07T15:30:09Z,814304,762,18651,"#GoppoMirerThek Ep 39 | Sherlock Holmes & The Sign of the Four Part 2 | Somak, Sumit, Mir",cEO9Zrjwp7Q
Ch-2,2023-08-12T15:30:10Z,766130,1378,19690,"#GoppoMirerThek Ep 31 | Anandamath Part 1 | Sohini, Kanchan, Sree, Sudip",7vp_3S3tkBc
Ch-2,2023-07-15T15:30:10Z,360871,546,9307,"#GoppoMirerThek Ep 27 | Moron-er Donka Baaje Part 2 | Mir, Rwitobroto",enlgBpXx184
Ch-2,2023-04-01T15:30:09Z,765350,1090,23133,কাশীনাথের পুনর্জন্ম কোন বংশে হল? #GoppoMirerThek Episode 12,sU6Qk9xeh5Y
Ch-2,2023-02-13T15:30:09Z,371646,912,14856,ঠেকে শুনুন এবং দেখুন | দালিয়া by Rabindranath Tagore | #GoppoMirErThek,Sf2UpyxDfkg
Ch-2,2023-10-14T15:30:10Z,1093750,865,22406,"#GoppoMirerThek Ep 40 | Indrajaal-er Maaya | Hemendra Kumar Ray | Debdas, Samapan, Mir",VYT_oQhy0x8
Ch-2,2023-06-24T15:30:07Z,531148,975,15337,Neelkamal Laalkamal Ebong Dalimkumar – Dakshinaranjan Mitra Majumder #GoppoMirerThek Episode 24,2UjpCePSYAE
Ch-2,2023-12-02T15:30:11Z,553375,2162,20221,"#GoppoMirerThek Ep 47 | Mahesh | Sarat Chandra Chattopadhyay | Mir, Sudip, Godhuli",jkFoy2hOQjQ
Ch-2,2023-12-16T15:30:11Z,494438,656,13365,"#GoppoMirerThek Ep 49 | Harshabardhan O Gobordhan | Shibram Chakraborty| Mir, Kanchan, Amit",9pkzWtN7f7I
Ch-2,2023-10-28T15:30:12Z,1389004,1311,27080,"#GoppoMirerThek Ep 42 | Wool-er Knata Part 1 | Narayan Sanyal | Mir, Anindya, Ayantika, Sree",vBde3Xq_mVc
Ch-2,2024-03-23T15:30:07Z,415852,925,11963,"#GoppoMirerThek Ep 63 | Kapalkundala Part 2 | Bankimchandra Chattopadhyay | Ditipriya, Anujoy, Mir",k4tvhS6JNJY
Ch-2,2023-11-18T15:30:08Z,790902,724,15821,"#GoppoMirerThek Ep 45 | Dr. Jekyll and Mr. Hyde Part 1 | Robert Louis Stevenson | Mir, Somak",sJ3u7O_RTLU
Ch-2,2023-06-03T15:30:09Z,666007,1818,19571,জহর পাল কি ম্যাচটা জেতাতে পারবে? #GoppoMirerThek Ep 21,GeQdFjJFsUM
Ch-2,2023-09-02T15:30:11Z,1061227,1266,20836,"#GoppoMirerThek Ep 34 | Krittibash Khun | Shibram Chakraborty | Anujoy, Sumit, Ayantika",T7h5JPm0880
Ch-2,2024-02-24T15:30:09Z,808095,1302,19016,"#GoppoMirerThek Ep 59 | Chhatrapati-r Chhora | Hemendra Kumar Ray | Somak, Sudip, Mir",11o6lfdKbCY
Ch-2,2023-05-20T15:30:07Z,596940,1055,16235,রঘুপতি কি পারবে রাজাকে সিংহাসন থেকে সরাতে? #GoppoMirerThek Episode 19,3iizmSbkIH0
Ch-2,2024-02-17T15:30:08Z,500240,1607,17410,"#GoppoMirerThek Ep 58 | Romeo & Juliet | William Shakespeare | Somak, Ayantika, Mir",3js0HV1SZKE
Ch-2,2023-05-06T15:30:08Z,1134425,3448,34778,শেষপর্যন্ত রামের সুমতি হল কি? #GoppoMirerThek Episode 17,_Ti5rfJsXgM
Ch-2,2023-09-23T15:30:07Z,653623,753,16758,"#GoppoMirerThek Ep 37 | Pratihinghsa | Rabindranath Tagore | Mir, Satakshi",kctThnFvBc4
Ch-2,2024-03-02T15:30:09Z,481320,1967,19214,"#GoppoMirerThek Ep 60 | Mejdidi | Sarat Chandra Chattopadhyay | Sudipta, Papiya, Samapan",lwq6A6hkmuE
Ch-2,2023-11-04T15:30:09Z,770421,1134,23939,"#GoppoMirerThek Ep 43 | Wool-er Knata Part 2 | Narayan Sanyal | Mir, Anindya, Ayantika, Sree",atRSueNzwkQ
Ch-2,2023-02-18T15:30:12Z,612105,1208,21263,ঠ্যাঙাড়ের হাত থেকে বাঁচা যাবে? বছর- পঞ্চাশ by Saratchandra Chattopadhyay,Ch6k_GCHKtY
Ch-2,2023-03-25T15:30:11Z,494630,1309,15576,নতুনদাকে কি বাঘে খেলো? শ্রীকান্ত ও ইন্দ্রনাথ Part 3 | Kanchan and Mir,3QnMpA1gLzc
Ch-2,2023-11-11T15:30:08Z,511628,722,14353,"#GoppoMirerThek Ep 44 | Kheer-er Putul | Abanindranath Tagore | Mir, Somak, Godhuli",BYx-zqEH9qM
Ch-2,2023-10-21T15:30:12Z,492128,1906,19975,"#GoppoMirerThek Ep 41 | Kabuliwala | Rabindranath Tagore | Sudip, Ayantika, Duni, Mir",7EgpUrSnnJ8
Ch-2,2023-09-16T15:30:12Z,1349621,5728,36767,"#GoppoMirerThek Ep 36 | Debdas | Sarat Chandra Chattopadhyay | Somak, Ditipriya, Ayantika",uPygFIzXCAc
Ch-2,2023-08-05T16:25:31Z,426813,1047,12963,"#GoppoMirerThek Ep 30 | Srikanta O Rajlakshmi Part 2 | Ananya Chatterjee, Mir",l0COnlGWjRU
Ch-2,2023-06-17T15:30:11Z,1187958,1616,34347,Tinti Kaaker Golpo – Taradas Bandopadhyay #GoppoMirerThek Episode 23,vLdK9tRP2UY
Ch-2,2023-03-04T15:30:10Z,2204442,3488,64716,ব্রহ্মপিশাচ বশ হবে কিসে? তারানাথ তান্ত্রিক ও ব্রহ্মপিশাচ by Taradas Bandyopadhyay,8q0cJ-u6MO8
Ch-2,2024-03-16T15:30:07Z,790425,1317,19050,"#GoppoMirerThek Ep 62 | Kapalkundala Part 1 | Bankimchandra Chattopadhyay | Ditipriya, Anujoy, Mir",5JQPCLFKWYA
Ch-2,2024-02-10T15:30:07Z,1204034,1567,28244,"#GoppoMirerThek Ep 57 | Raghu Dakat O Raymollo | Panchkori Dey | Anirban, Saurav, Mir",oK6IbT-yMOE
Ch-2,2023-07-01T15:30:07Z,584681,760,15511,Kolke Kashi | #GoppoMirerThek Episode 25 feat Mir Afsar Ali & Kharaj M,nICXtaOxmxE
Ch-2,2023-03-11T15:30:10Z,1016664,2339,32637,ইন্দ্রনাথ শ্রীকান্তকে মাছ ধরতে কোথায় নিয়ে গেল? শ্রীকান্ত ও ইন্দ্রনাথ Part 1,t-KR8VzjQIA
Ch-2,2023-02-25T15:30:09Z,300486,615,11971,বাঘ কখনও নিরামিষাশী হয়? নিরামিষাশী বাঘ by Parshuram | #GoppoMirerThek,8K18cQbZ4m8
Ch-2,2023-07-22T15:30:07Z,891909,1078,19476,#GoppoMirerThek Ep 28 | Cactus | Gaylord Sabatini | Anish Deb | Mir,tfm2S8xjNp0
Ch-2,2023-09-09T15:30:10Z,659163,774,16208,#GoppoMirerThek Ep 35 |Betaal Part 3 | Pandit Ishwar Chandra Vidyasagar,R7cW_StI9bI
Ch-2,2023-08-26T15:30:10Z,1644830,2812,48023,#GoppoMirerThek Ep 33 | Taranath Tantrik o Panchamundi-r Asan | Taradas Bandopadhyay,cMy63zEbB_s
Ch-2,2023-11-25T15:30:12Z,427339,827,10336,"#GoppoMirerThek Ep 46 | Dr. Jekyll and Mr. Hyde Part 2 | Robert Louis Stevenson | Mir, Somak",o2OD7HRlmQA
Ch-2,2023-04-08T15:30:10Z,862266,1489,23497,"খুন তো হল,কিন্তু হত্যাকারী কি ধরা পড়বে? Episode 13 | Mir, Anujoy, Biswajit",bpIqNlJK9Js
Ch-2,2023-04-22T15:30:08Z,1221538,1341,33736,হলুদ পুড়লে আত্মাও নাকি ভয় পায়? #GoppoMirerThek - Episode 15,vQcW_Ac9JwI
Ch-2,2023-08-19T15:30:11Z,419669,1237,12961,"#GoppoMirerThek Ep 32 | Anandamath Part 2 | Sohini, Kanchan, Sree, Sudip, Anujoy",S0FZYe4UCro
Ch-2,2024-01-20T15:30:08Z,465589,1722,16510,"#GoppoMirerThek Ep 54 | Striker | Moti Nandi | Mir, Rwitobroto",Koa7v38_PJQ
Ch-2,2024-02-03T15:30:10Z,469218,895,12741,"#GoppoMirerThek Ep 56 | Pather Dabi Part 2 | Sarat Chandra Chattopadhyay | Mir, Sudip, Soumen",tbDYjCw0Oj0
Ch-2,2023-05-27T15:30:12Z,784415,924,20872,মহারাজ বিক্রমাদিত্য… শুনবে আমার গল্প? #GoppoMirerThek Ep 20,ueWH1o6R2WM
Ch-2,2024-03-09T15:30:07Z,794264,1779,22567,"#GoppoMirerThek Ep 61 | Bhairab Tantrik er Golpo | Bibhutibhushan Bandopadhyay | Mir, Anujoy",HtCaLQVcNDY
Ch-2,2023-12-23T15:30:09Z,2042111,1689,31380,"#GoppoMirerThek Ep 50 | Chiriyakhana | Sharadindu Bandyopadhyay | Mir, Somak, Biswajit",uxHB-fEZqFg
Ch-2,2023-03-18T15:30:11Z,612644,1438,18424,জলে ওটা কার দেহ? শ্রীকান্ত ও ইন্দ্রনাথ Part 2 | Kanchan Mullick & Mir,OXcdHK6O4cA
Ch-2,2023-07-08T15:30:07Z,721553,604,14794,"#GoppoMirerThek Ep 26 | Moron-er Donka Baaje Part 1 | Mir, Rwitobroto",RJGhr3oPPfk
Ch-2,2023-02-11T15:30:08Z,1251402,1771,29090,ছাদের ঘরে গুপ্তধন? Guptodhon-er Sondhane by Sanjib Chattopadhyay,FOn3lGHxnhw
Ch-2,2023-02-04T15:30:11Z,977200,1727,31593,মানুষ নিজের খুনিকে কি চিনতে পারে? Goppo Mir-er Thek Ep 03,ilh_ItHeXtU
Ch-2,2023-06-10T15:30:11Z,1405779,2224,34447,Sherlock Holmes & The Problem of Thor Bridge #GoppoMirerThek Episode 22,C0JLHgiUXVs
Ch-2,2023-01-28T15:30:07Z,701932,1378,25706,পরলোক থেকে ভর করল কে? Goppo Mir-er Thek Ep 02 | Khola Dorjar Itihash,eyP_97FAtUk
Ch-2,2024-01-27T15:30:07Z,724670,1060,17569,"#GoppoMirerThek Ep 55 | Pather Dabi Part 1 | Sarat Chandra Chattopadhyay | Mir, Sudip, Soumen",ZMYsWq7qtg0
Ch-1,2023-09-24T08:00:08Z,396543,588,12145,#SundaySuspense | Rogi Chayi Jyanto Part 2 | Dipanwita Roy | Mirchi Bangla,xX1imWt32WQ
Ch-1,2022-10-30T07:30:10Z,938686,2861,25597,#SundaySuspense | Dracula's Guest | Bram Stoker | Mirchi Bangla,LAvBfaVeP8w
Ch-1,2023-08-27T09:00:07Z,348109,516,10827,#SundaySuspense | Himachal-er Heyali Part 4 | Saikat Mukhopadhyay | Mirchi Bangla,g8uQS81P3Hg
Ch-1,2023-02-05T07:30:09Z,1008938,1817,25835,#SundaySuspense | Gosainbaganer Bhut Part 2 | Shirshendu Mukhopadhyay | Mirchi Bangla,j1FLqoFWU7g
Ch-1,2023-10-22T07:30:09Z,227683,127,6191,#SundaySuspense | Debi Choudhurani Part 4 | Bankim Chandra Chattopadhyay | Mirchi Bangla,iP0LHSRd5jE
Ch-1,2023-06-25T08:00:11Z,1020117,1817,29217,#SundaySuspense | Taranath | Brojobhushan-er Biswasprapti 2 | Taradas Bandopadhyay | Mirchi Bangla,RNHvw76CpIk
Ch-1,2023-05-14T10:00:11Z,640203,586,15982,#SundaySuspense | Feluda | Baksho Rahasya Part 5 | Satyajit Ray | Mirchi Bangla,PivunpdPW8c
Ch-1,2023-06-18T14:30:10Z,649301,969,12040,#BestOfSundaySuspense | The Count of Monte Cristo - Complete Saga | Alexandre Dumas | Mirchi Bangla,_HI-rreKmSY
Ch-1,2022-12-25T07:30:09Z,1059363,2121,27667,#SundaySuspense | Dracula (Part 2) | Bram Stoker | Mirchi Bangla,bD3nnLG-5Os
Ch-1,2023-03-12T07:30:07Z,780191,1256,22006,#SundaySuspense | Drishti Part 1 | Aritri Chatterjee | Mirchi Bangla,o21l4KPLE7o
Ch-1,2022-11-20T07:30:07Z,2197297,3877,48425,#SundaySuspense | Hakini | Mohammed Alomgir Toimoor | Mirchi Bangla,TV2pbP7HG1o
Ch-1,2023-12-10T07:30:08Z,351837,482,12132,Sunday Suspense | Ahididir Bandhura | Leela Majumdar | Mirchi Bangla,bneAFutQQpk
Ch-1,2023-06-11T08:30:10Z,382246,270,8743,#SundaySuspense | Durgeshnandini Part 3 | Bankim Chandra Chattopadhyay | Mirchi Bangla,3mqo6Vasdlg
Ch-1,2023-03-19T09:15:12Z,441049,309,10404,#SundaySuspense | Arjun | Jutoy Rokter Daag Part 1C | Samaresh Majumdar | Mirchi Bangla,S1SIG5MCJno
Ch-1,2023-02-26T08:30:09Z,426878,1522,15205,#SundaySuspense | Moumachhir Shok Part 2 | Shamita Das Dasgupta | Mirchi Bangla,qbZc9dopfPY
Ch-1,2023-09-17T07:30:10Z,478116,464,11279,#SundaySuspense | Ghoniye Elo Ghumer Ghor Part 1 | Abhinandan Bandyopadhyay | Mirchi Bangla,spv__eJm-I8
Ch-1,2023-12-31T07:30:12Z,246963,265,7707,Sunday Suspense | Ben Hur Part 4 | Lew Wallace | Mirchi Bangla,-c9S2W1SeJ0
Ch-1,2024-01-14T08:00:08Z,216199,429,7113,Sunday Suspense | Rocking Chair Part 2 | Abhigyan Roychowdhury | Mirchi Bangla,WSq-73f2kBM
Ch-1,2023-09-03T09:00:09Z,295859,192,6865,#SundaySuspense | Tenida | Jhau Bungalow-r Rahasya Part 4 | Narayan Gangopadhyay | Mirchi Bangla,zY8W_wczdtc
Ch-1,2022-08-28T07:30:12Z,1774121,4752,53820,#SundaySuspense | Shor | Sayak Aman | Mirchi Bangla,_8gX3mBgyEU
Ch-1,2023-11-05T07:30:12Z,933306,812,20412,SundaySuspense | Professor Shonku | Don Christobaldi-r Bhobishyotbani | Satyajit Ray | Mirchi Bangla,hWIUPqV4eHE
Ch-1,2023-11-11T14:30:10Z,308696,241,9180,Sunday Suspense | Mrs.  Kumudini Chowdhury Part 1 | Hemendra Kumar Ray | Mirchi Bangla,NVu56BFaxH0
Ch-1,2023-01-01T07:30:10Z,848089,1678,24333,#SundaySuspense | Dracula (Part 3) | Bram Stoker | Mirchi Bangla,MMVI5K6hcpI
Ch-1,2023-01-10T14:30:03Z,273467,294,6279,TARANATH ar FELUDA ki KAKABABU er sathe ABAR JOKER DHON khujte Berolen?! | Best of Sunday Suspense,EcdZceFK4_E
Ch-1,2023-10-08T07:30:12Z,1033322,757,21937,#SundaySuspense | Samapti | Manoj Sen | Mirchi Bangla,_FHegg7F5W4
Ch-1,2023-02-12T07:30:08Z,1687595,3558,38351,#SundaySuspense | Kolongijan Ey Kelenkari | Arup Kumar Dutta | Mirchi Bangla,sU6g7morC6Y
Ch-1,2023-10-15T08:00:11Z,277544,223,6631,#SundaySuspense | Debi Choudhurani Part 2 |  Bankim Chandra Chattopadhyay | Mirchi Bangla,q5N-KEO6HVM
Ch-1,2023-05-07T08:00:09Z,466268,621,11136,#SundaySuspense | Professor Shonku | Mohakasher Duut Part 2 | Satyajit Ray | Mirchi Bangla,pugF3Jhy40Y
Ch-1,2023-11-11T15:00:11Z,190954,145,6496,Sunday Suspense | Mrs.  Kumudini Chowdhury Part 2 | Hemendra Kumar Ray | Mirchi Bangla,8I2qDG2U6rE
Ch-1,2023-09-10T07:30:09Z,649601,992,18593,#SundaySuspense | Pakhighar | Mriganka Bhattacharya | Mirchi Bangla,bWY3CU47NVM
Ch-1,2023-08-06T07:30:10Z,696420,648,13153,#SundaySuspense | Lukono Trunk Part 1 | Dipanwita Roy | Mirchi Bangla,WXzpqirRuGQ
Ch-1,2023-01-07T14:30:03Z,222131,228,5579,"HAKINI-r HAAR DRACULA dilo taar GUEST ke? | Best of Sunday Suspense | Oct to Dec | Deep, Agni, Somak",D6SQd6utI2k
Ch-1,2023-06-18T08:30:11Z,281905,255,7275,#SundaySuspense | Durgeshnandini Part 7 | Bankim Chandra Chattopadhyay | Mirchi Bangla,jHZb_xH1N2w
Ch-1,2018-07-29T07:23:30Z,1062309,827,16871,Sunday Suspense | Himadri Kishore Dasgupta | Aankar Khata | আঁকার খাতা | Mirchi Bangla | Mirchi 98.3,sSEHpgHfw-M
Ch-1,2023-07-02T08:00:08Z,716434,322,13035,#SundaySuspense | Kakababu | Rajbarir Rahasya Part 2 | Sunil Gangopadhyay | Mirchi Bangla,4YEl9-R4plE
Ch-1,2023-09-03T07:30:07Z,681923,1210,16740,#SundaySuspense | Tenida | Jhau Bungalow-r Rahasya Part 1 | Narayan Gangopadhyay | Mirchi Bangla,2EexIrCNtlU
Ch-1,2023-03-26T09:00:08Z,317256,473,9927,#SundaySuspense | Arjun | Jutoy Roktor Daag Part 2D | Samaresh Majumdar,b49cOXRhAYg
Ch-1,2022-11-14T09:46:39Z,361564,754,8025,#SundaySuspense | Father Brown | The Point of a Pin | G.K.Chesterton | Mirchi Bangla,u1NZqWUA2Us
Ch-1,2023-03-05T07:30:10Z,2533246,4693,63226,#SundaySuspense | Taranath Tantrik | Jolpishach | Taradas Bandopadhyay | Mirchi Bangla,1qjJf_F9B9k
Ch-1,2023-10-01T08:00:07Z,321678,807,11832,#SundaySuspense | Phutoscope Part 2 | Sayak Aman | Mirchi Bangla,p2GYAV72wEw
Ch-1,2018-08-12T05:42:31Z,1782430,2354,33741,Sunday Suspense | Shunyo Shudhu Shunyo Noy | শূন্য শুধু শূন্য নয়  | Sharadindu Bandyopadhyay,1AigIdBtThk
Ch-1,2023-03-19T07:30:10Z,973401,1092,20266,#SundaySuspense | Arjun | Jutoy Rokter Daag Part 1A | Samaresh Majumdar | Mirchi Bangla,yuQAhf2FqeQ
Ch-1,2022-08-21T07:30:10Z,2511252,3103,46825,#SundaySuspense | Manojder Adbhut Badi | Shirshendu Mukhopadhyay | Mirchi Bangla,c1cxqt5bQNM
Ch-1,2023-12-17T08:00:12Z,415025,481,12169,Sunday Suspense | Kaalo Golap Part 2 | Himadri Kishore Dasgupta | Mirchi Bangla,3vjjjDJjXIw
Ch-1,2023-08-13T07:30:09Z,1560663,3077,34855,#SundaySuspense | Taranath Tantrik o Brahmapishach | Taradas Bandopadhyay | Mirchi Bangla,zBP7RdcSpu0
Ch-1,2023-12-24T08:00:09Z,266245,284,7584,Sunday Suspense | Ben Hur Part 2 | Lew Wallace | Mirchi Bangla,-4bAEpBv2dM
Ch-1,2022-07-17T07:30:12Z,1857238,3224,43366,#SundaySuspense | Arjun | Der Din feat Indrasish Roy | Samaresh Majumdar | Mirchi Bangla,7LX6VhNKebQ
Ch-1,2023-07-30T08:00:08Z,283570,177,6240,#SundaySuspense | Nrishingha Rahasya Part 2 | Shirshendu Mukhopadhyay | Mirchi Bangla,w06bzGyWz_w
Ch-1,2023-06-11T07:30:07Z,883803,844,18746,#SundaySuspense | Durgeshnandini Part 1 | Bankim Chandra Chattopadhyay | Mirchi Bangla,yxtp-d0AwzM
Ch-1,2022-10-23T07:30:07Z,589464,2720,18818,#SundaySuspense | The Phantom Coach | Amelia B. Edwards | Mirchi Bangla,9BiyfVMq3ZU
Ch-1,2022-07-24T07:30:16Z,3244743,5421,55326,#SundaySuspense | Kakababu | Bhoyonkor Shundor | Sunil Gangopadhyay | Mirchi Bangla,egGWC1lVIBU
Ch-1,2023-05-28T08:00:09Z,309098,143,6485,#SundaySuspense | Phatik Chaand Part 2 | Satyajit Ray | Mirchi Bangla,EoeNklwMxtE
Ch-1,2023-05-14T08:15:08Z,902376,521,16195,#SundaySuspense | Feluda | Baksho Rahasya Part 2 | Satyajit Ray | Mirchi Bangla,-HE95gP_Aik
Ch-1,2023-03-19T10:00:06Z,431427,491,10917,#SundaySuspense | Arjun | Jutoy Rokter Daag Part 1D | Samaresh Majumdar | Mirchi Bangla,Q5hCdYSiwjQ
Ch-1,2023-10-01T07:30:10Z,527689,493,12779,#SundaySuspense | Phutoscope Part 1 | Sayak Aman | Mirchi Bangla,sVgr7dbCRlw
Ch-1,2022-09-11T07:30:12Z,906743,2649,27499,#SundaySuspense | The Cask of Amontillado | Edgar Allan Poe | Mirchi Bangla,CziZzauAa5Y
Ch-1,2023-07-30T07:30:10Z,520451,484,11583,#SundaySuspense | Nrishingha Rahasya Part 1 | Shirshendu Mukhopadhyay | Mirchi Bangla,GbfwayH10pE
Ch-1,2018-12-20T04:15:10Z,182915,128,4629,Sunday Suspense | Raat-er Aalap | Syed Mustafa Siraj | Mirchi Bangla,bxpUrXdh1I8
Ch-1,2023-08-20T07:30:07Z,1466056,1180,32526,#SundaySuspense | Principal-er Table | Rajarshee Gupta | Mirchi Bangla,SlFxlbXYQ3M
Ch-1,2023-01-15T07:30:11Z,1660444,2287,34799,#SundaySuspense | Kakababu-Shontu | Paharchuray Atanka Part 1 | Sunil Gangopadhyay | Mirchi Bangla,1Xj20FnmMmQ
Ch-1,2023-01-08T07:30:07Z,993758,3554,30342,#SundaySuspense | Dracula (Part 4) | Bram Stoker | Mirchi Bangla,pxZtXJ5TD3s
Ch-1,2023-10-29T07:30:12Z,771061,717,17106,#SundaySuspense | Chhuri | Saradindu Bandyopadhyay | Mirchi Bangla,cJbKpxbJOh4
Ch-1,2023-11-12T08:00:10Z,400795,923,12952,Sunday Suspense | Path Nei Part 2 | Rohan Roy | Mirchi Bangla,Sc8quDHOUrU
Ch-1,2024-01-14T07:30:09Z,392601,306,9229,Sunday Suspense | Rocking Chair Part 1 | Abhigyan Roychowdhury | Mirchi Bangla,w5HVW5ixtMQ
Ch-1,2024-01-07T08:15:12Z,322069,749,10417,Sunday Suspense | Duto Nokher Daag Part 2 | Saikat Mukhopadhyay | Mirchi Bangla,uQkSZcAlWek
Ch-1,2018-09-16T06:33:46Z,725269,673,11099,Sunday Suspense | Robin | Jim Corbett | Mirchi Bangla | Mirchi 98.3,B3AFqqeNU0Q
Ch-1,2023-11-12T07:30:11Z,664967,456,14756,Sunday Suspense | Path Nei Part 1 | Rohan Roy | Mirchi Bangla,DMJdAuI3dh0
Ch-1,2023-04-17T18:50:53Z,375440,312,6580,#SundaySuspense | Hetamgarer Guptodhon Part 2 | Shirshendu Mukhopadhyay | Mirchi Bangla,6LaJQ7eA3Zs
Ch-1,2023-04-16T10:00:08Z,342242,644,9633,#SundaySuspense | Hetamgarer Guptodhon Part 6 | Shirshendu Mukhopadhyay | Mirchi Bangla,cCTqqCZj_cs
Ch-1,2018-12-17T14:30:32Z,217438,154,5170,Sunday Suspense | Muraribabu-r Aalmari | Syed Mustafa Siraj | Mirchi Bangla,Anl9EPjP3GQ
Ch-1,2023-08-27T08:00:08Z,490472,282,9526,#SundaySuspense | Himachal-er Heyali Part 2 | Saikat Mukhopadhyay | Mirchi Bangla,2Lv_q6qO-Wk
Ch-1,2023-11-19T07:30:11Z,526377,674,15673,Sunday Suspense | Jodi Parda Duley Othe | Saikat Mukhopadhyay | Mirchi Bangla,uIfWL0592zQ
Ch-1,2023-06-04T08:30:10Z,420815,445,10520,#SundaySuspense | Arjun | Kalimpong ey Sitaharan Part 3 | Samaresh Majumdar | Mirchi Bangla,TCxufWjIpoo
Ch-1,2022-08-07T07:30:13Z,1545449,5096,47878,#SundaySuspense | My Dear Mickey | Saikat Mukhopadhyay | Mirchi Bangla,HzyEb5ARCis
Ch-1,2023-09-03T09:30:09Z,289507,450,9112,#SundaySuspense | Tenida | Jhau Bungalow-r Rahasya Part 5 | Narayan Gangopadhyay | Mirchi Bangla,PKnEfbqwwCU
Ch-1,2023-04-02T08:00:09Z,562968,713,16191,#SundaySuspense | Pashaner Khudha Part 2 | Gajendra Kumar Mitra | Mirchi Bangla,joEnChhnCe4
Ch-1,2023-03-26T08:30:11Z,296100,202,8017,#SundaySuspense | Arjun | Jutoy Roktor Daag Part 2C | Samaresh Majumdar,ezSRA_sMrn8
Ch-1,2022-10-09T07:30:08Z,1421474,2515,33293,#SundaySuspense | Haar | Jagadish Gupta  | Mirchi Bangla,WmoE7ebSB0M
Ch-1,2023-02-19T10:52:29Z,694762,2647,23655,#SundaySuspense | Birinchi Baba | Parashuram (Rajshekhar Basu) | Mirchi Bangla,Uk-zcwkZfXg
Ch-1,2023-06-11T08:00:09Z,472023,223,9575,#SundaySuspense | Durgeshnandini Part 2 | Bankim Chandra Chattopadhyay | Mirchi Bangla,5Y3GCOYTzpY
Ch-1,2023-12-24T08:30:09Z,227906,568,8445,Sunday Suspense | Ben Hur Part 3 | Lew Wallace | Mirchi Bangla,GtylFj2N9BU
Ch-1,2023-06-04T08:00:09Z,440558,275,9345,#SundaySuspense | Arjun | Kalimpong ey Sitaharan Part 2 | Samaresh Majumdar | Mirchi Bangla,5AQm9Ygx6bo
Ch-1,2023-06-25T07:30:11Z,1284797,1938,27579,#SundaySuspense | Taranath | Brojobhushan-er Biswasprapti 1 | Taradas Bandopadhyay | Mirchi Bangla,KpdUl-wTbVA
Ch-1,2022-09-04T07:30:10Z,1634296,1868,43621,#SundaySuspense | Terotar Ghonta | Dipanwita Roy | Mirchi Bangla,6ClGER7Ij8c
Ch-1,2023-10-22T08:30:09Z,183031,330,7575,#SundaySuspense | Debi Choudhurani Part 6 | Bankim Chandra Chattopadhyay | Mirchi Bangla,gtzWK0K1Qag
Ch-1,2018-09-30T06:13:02Z,723379,547,12843,Sunday Suspense | Motilaal | Bimal Kar | Mirchi Bangla | Mirchi 98.3,7cDo006C3I8
Ch-1,2024-01-07T07:30:07Z,537179,514,12124,Sunday Suspense | Duto Nokher Daag Part 1 | Saikat Mukhopadhyay | Mirchi Bangla,m3TSEk81BXA
Ch-1,2023-04-09T07:30:07Z,821154,1005,18766,#SundaySuspense | Kakababu-Shontu | Kolkatar Jongole Part 1 | Sunil Gangopadhyay | Mirchi Bangla,4v8XoBEQCCw
Ch-1,2023-05-14T09:00:09Z,791982,280,14317,#SundaySuspense | Feluda | Baksho Rahasya Part 3 | Satyajit Ray | Mirchi Bangla,daUKb_u7J4E
Ch-1,2023-12-31T08:00:11Z,197753,261,6498,Sunday Suspense | Ben Hur Part 5 | Lew Wallace | Mirchi Bangla,_qOmdBwDKHk
Ch-1,2023-06-18T08:00:08Z,290645,242,7340,#SundaySuspense | Durgeshnandini Part 6 | Bankim Chandra Chattopadhyay | Mirchi Bangla,l4pE---qCXc
Ch-1,2023-12-17T07:30:09Z,605612,475,13516,Sunday Suspense | Kaalo Golap Part 1 | Himadri Kishore Dasgupta | Mirchi Bangla,mXvjxlhslk8
Ch-1,2023-04-09T08:00:11Z,547961,459,12609,#SundaySuspense | Kakababu-Shontu | Kolkatar Jongole Part 2 | Sunil Gangopadhyay | Mirchi Bangla,jeM4TadD0XI
Ch-1,2023-05-14T07:30:09Z,1476526,1399,26604,#SundaySuspense | Feluda | Baksho Rahasya Part 1 | Satyajit Ray | Mirchi Bangla,zdsB4megBmA
Ch-1,2023-06-11T09:00:09Z,357011,407,9520,#SundaySuspense | Durgeshnandini Part 4 | Bankim Chandra Chattopadhyay | Mirchi Bangla,_xA-ZBO2e8Y
Ch-1,2022-10-16T07:30:10Z,570683,3198,18248,#SundaySuspense | The Stranger | Ambrose Bierce | Mirchi Bangla,CoCvkKkAiQ0
Ch-1,2023-06-18T07:30:09Z,366465,398,9218,#SundaySuspense | Durgeshnandini Part 5 | Bankim Chandra Chattopadhyay | Mirchi Bangla,HQCk6jlcwmQ
Ch-1,2023-04-16T07:30:09Z,799294,1582,16749,#SundaySuspense | Hetamgarer Guptodhon Part 1 | Shirshendu Mukhopadhyay | Mirchi Bangla,TXqWlCD80O8
Ch-1,2024-02-14T11:30:09Z,184719,162,3102,#BestOfSundaySuspense| Debi Choudhurani-Complete Saga | Bankim Chandra Chattopadhyay | Mirchi Bangla,LfufM1VkYOo
Ch-1,2023-05-28T09:30:09Z,203059,714,7716,#SundaySuspense | Phatik Chaand Part 5 | Satyajit Ray | Mirchi Bangla,8_R6xXeKLIU
Ch-1,2022-11-27T07:30:10Z,903278,2720,22722,#SundaySuspense | Jaha Ghotilo Tahai Satya | Jagadish Gupta | Mirchi Bangla,9r1RuaJqyQI
Ch-1,2018-10-28T07:28:53Z,373531,493,8701,#SundayNonsense | Pagla Dashu | পাগলা দাশু | Sukumar Ray | সুকুমার রায় | Mirchi Bangla,coI_aT4BDNA
Ch-1,2023-03-26T07:30:08Z,428915,360,11122,#SundaySuspense | Arjun | Jutoy Roktor Daag Part 2A | Samaresh Majumdar,KeSvO6Z5AZ0
Ch-1,2023-04-23T08:30:09Z,663704,765,15575,#SundaySuspense | Budhoda | Madal Paharer Baman Sanyasi Part 3 | Saikat Mukhoapdhyay | Mirchi Bangla,MuUMz2hTy3s
Ch-1,2023-04-16T09:00:11Z,307695,275,6566,#SundaySuspense | Hetamgarer Guptodhon Part 4 | Shirshendu Mukhopadhyay | Mirchi Bangla,9XZThJKHMUE
Ch-1,2023-07-30T09:00:11Z,242474,273,6550,#SundaySuspense | Nrishingha Rahasya Part 4 | Shirshendu Mukhopadhyay | Mirchi Bangla,kqHtT7BhE1U
Ch-1,2023-02-26T07:30:09Z,899360,2141,21876,#SundaySuspense | Moumachhir Shok Part 1 | Shamita Das Dasgupta | Mirchi Bangla,BQasmPFIK44
Ch-1,2023-04-16T09:30:10Z,312899,250,6823,#SundaySuspense | Hetamgarer Guptodhon Part 5 | Shirshendu Mukhopadhyay | Mirchi Bangla,O5C539xZoKY
Ch-1,2018-08-19T05:33:16Z,1769596,227,26496,Sunday Suspense Originals | Ep. 02 | Aschorjo Diary | আশ্চর্য ডায়েরি | Mirchi 98.3,RBpAIoBE0Ck
Ch-1,2018-09-27T12:38:41Z,72948,68,1750,Sunday Suspense | Shobuj Manush | Satyajit Ray | Mirchi 98.3,PLyqBOfW_lM
Ch-1,2023-07-30T08:30:09Z,242058,104,5472,#SundaySuspense | Nrishingha Rahasya Part 3 | Shirshendu Mukhopadhyay | Mirchi Bangla,brfLAvC2HOY
Ch-1,2023-01-22T07:30:10Z,1102167,1560,26128,#SundaySuspense | Kakababu-Shontu | Paharchuray Atanka Part 2 | Sunil Gangopadhyay | Mirchi Bangla,dDgaxv5mCXA
Ch-1,2023-09-03T08:00:07Z,423619,519,9596,#SundaySuspense | Tenida | Jhau Bungalow-r Rahasya Part 2 | Narayan Gangopadhyay | Mirchi Bangla,sIQaLVM5eGQ
Ch-1,2023-06-04T07:30:07Z,762692,620,14709,#SundaySuspense | Arjun | Kalimpong ey Sitaharan Part 1 | Samaresh Majumdar | Mirchi Bangla,V0oMQ6Ra9XQ
Ch-1,2022-10-02T07:30:10Z,915172,2425,25096,#SundaySuspense | Dorjar Opashe | Dipanwita Roy | Mirchi Bangla,N7JWVTZr5Gs
Ch-1,2023-04-30T07:30:07Z,860142,648,16382,#SundaySuspense | Colonel | Yazdargider Hirey Part 1 | Syed Mustafa Siraj | Mirchi Bangla,sbKp_uRiSuM
Ch-1,2023-04-23T08:00:09Z,525764,394,11146,#SundaySuspense | Budhoda | Madal Paharer Baman Sanyasi Part 2 | Saikat Mukhopadhyay | Mirchi Bangla,TUiMGkDliGM
Ch-1,2023-05-28T09:00:11Z,204135,132,5033,#SundaySuspense | Phatik Chaand Part 4 | Satyajit Ray | Mirchi Bangla,eoEzSZ7td9Y
Ch-1,2023-07-02T07:30:08Z,1683514,873,25578,#SundaySuspense | Kakababu | Rajbarir Rahasya Part 1 | Sunil Gangopadhyay | Mirchi Bangla,NUdYb5BSqpQ
Ch-1,2018-10-21T07:12:12Z,257395,519,5527,Sunday Suspense | জর্জ ম্যানিং-এর আত্মহত্যা  | Mirchi 98.3 | Mirchi Bangla,Cj-s6OMBHVc
Ch-1,2023-08-06T08:30:10Z,381764,592,11111,#SundaySuspense | Lukono Trunk Part 3 | Dipanwita Roy | Mirchi Bangla,Sa8n5dzkyo4
Ch-1,2023-04-02T07:30:11Z,884443,895,19442,#SundaySuspense | Pashaner Khudha Part 1 | Gajendra Kumar Mitra | Mirchi Bangla,4JqWHLZye80
Ch-1,2018-08-05T05:36:11Z,1223030,735,15825,Sunday Suspense | Rudyard Kipling | The Phantom Rickshaw | রিক্সা | Mirchi Bangla,OTF-ixqK5xE
Ch-1,2023-03-19T08:15:11Z,521268,405,11746,#SundaySuspense | Arjun | Jutoy Rokter Daag Part 1B | Samaresh Majumdar | Mirchi Bangla,ViCED9I5P5M
Ch-1,2023-04-16T08:30:09Z,383361,602,7590,#SundaySuspense | Hetamgarer Guptodhon Part 3 | Shirshendu Mukhopadhyay | Mirchi Bangla,E8TUyaRR9sg
Ch-1,2023-08-27T08:30:08Z,401638,203,8832,#SundaySuspense | Himachal-er Heyali Part 3 | Saikat Mukhopadhyay | Mirchi Bangla,DPLYlzzUj6Q
Ch-1,2023-10-22T08:00:08Z,209240,84,5304,#SundaySuspense | Debi Choudhurani Part 5 | Bankim Chandra Chattopadhyay | Mirchi Bangla,-7ykkCfCah4
Ch-1,2022-09-18T07:30:11Z,617757,1876,18386,#SundaySuspense | Father Brown | The Wrong Shape | G.K. Chesterton,u7keBGnYujE
Ch-1,2023-04-30T08:15:07Z,521744,472,11659,#SundaySuspense | Colonel | Yazdargider Hirey Part 2 | Syed Mustafa Siraj | Mirchi Bangla,TGuKZxSL_7U
Ch-1,2023-03-26T08:00:10Z,308233,236,8242,#SundaySuspense | Arjun | Jutoy Roktor Daag Part 2B | Samaresh Majumdar,0FrVWT4X3kQ
Ch-1,2023-08-27T07:30:07Z,770470,595,15063,#SundaySuspense | Himachal-er Heyali Part 1 | Saikat Mukhopadhyay | Mirchi Bangla,qecM3065dUs
Ch-1,2018-10-02T11:12:22Z,325266,250,8044,Sunday Suspense | Aadh Khawa Mawra | Hemendra Kumar Ray | Mirchi Bangla | Mirchi 98.3,oAUdsI-O4hw
Ch-1,2022-08-14T07:30:13Z,1135264,2111,35334,#SundaySuspense |  Bamapada Babur Chhobi | Dipanwita Roy | Mirchi Bangla,ktwe2bt23ic
Ch-1,2023-09-03T08:30:08Z,378574,304,8180,#SundaySuspense | Tenida | Jhau Bungalow-r Rahasya Part 3 | Narayan Gangopadhyay | Mirchi Bangla,SZ9g9CeWSp4
Ch-1,2022-12-11T07:30:08Z,942272,1599,23662,#SundaySuspense | The Body Snatcher | Robert Louis Stevenson | Mirchi Bangla,Kaa15aJbBE4
Ch-1,2023-05-07T07:30:08Z,764902,737,15845,#SundaySuspense | Professor Shonku | Mohakasher Duut Part 1 | Satyajit Ray | Mirchi Bangla,BjzIbyDeRW8
Ch-1,2023-05-28T07:30:08Z,633970,692,12299,#SundaySuspense | Phatik Chaand Part 1 | Satyajit Ray | Mirchi Bangla,xJfR_8V65-o
Ch-1,2018-09-23T04:58:32Z,894154,725,14526,Sunday Suspense | Ghar | Syed Mustafa Siraj | Mirchi Bangla | Mirchi 98.3,-3p49IolsR8
Ch-1,2023-01-29T07:30:11Z,1448323,2430,33109,#SundaySuspense | Gosainbaganer Bhut Part 1 | Shirshendu Mukhopadhyay | Mirchi Bangla,lpYKM8wqjc4
Ch-1,2023-03-12T08:45:09Z,389476,455,12798,#SundaySuspense | Drishti Part 3 | Aritri Chatterjee | Mirchi Bangla,GpgrILYZTJM
Ch-1,2023-09-17T08:00:08Z,294956,469,7320,#SundaySuspense | Ghoniye Elo Ghumer Ghor Part 2 | Abhinandan Bandyopadhyay | Mirchi Bangla,i2KTw8jUs_M
Ch-1,2022-12-04T07:30:10Z,535272,0,24727,#SundaySuspense | Telephone | Satyajit Ray | Mirchi Bangla,nsiaspzNotY
Ch-1,2018-09-09T06:33:16Z,1429832,974,26171,Sunday Suspense | Daakbungalow-te Shei Raat | ডাকবাংলোতে সেই রাত | Nilanjan Chattopadhyay,cavHG3iRI20
Ch-1,2023-09-24T07:30:08Z,701094,521,14581,#SundaySuspense | Rogi Chayi Jyanto Part 1 | Dipanwita Roy | Mirchi Bangla,wwaNlKg3AXY
Ch-1,2023-12-31T08:30:12Z,193674,1335,10031,Sunday Suspense | Ben Hur Part 6 | Lew Wallace | Mirchi Bangla,DwfwLU9C0fE
Ch-1,2023-04-09T08:30:11Z,499420,660,13815,#SundaySuspense | Kakababu-Shontu | Kolkatar Jongole Part 3 | Sunil Gangopadhyay | Mirchi Bangla,Z34IKJgWXd0
Ch-1,2023-05-28T08:30:11Z,250499,159,5768,#SundaySuspense | Phatik Chaand Part 3 | Satyajit Ray | Mirchi Bangla,BLYMbicsGD8
Ch-1,2023-05-21T07:30:10Z,1027207,1346,28701,#SundaySuspense | Sujon Horbola | Satyajit Ray | Mirchi Bangla,LeWlzpH-xjI
Ch-1,2022-12-18T07:30:09Z,1725944,2893,39097,#SundaySuspense | Dracula (Part 1) | Bram Stoker | Mirchi Bangla,lXRWXwq6dO8
Ch-1,2023-03-12T09:15:09Z,367434,1885,19228,#SundaySuspense | Drishti Part 4 | Aritri Chatterjee | Mirchi Bangla,s9u5NS2LgJI
Ch-1,2023-05-14T09:30:08Z,729056,277,13021,#SundaySuspense | Feluda | Baksho Rahasya Part 4 | Satyajit Ray | Mirchi Bangla,7AnAGMQyT-s
Ch-1,2023-06-18T09:00:10Z,359402,1192,11673,#SundaySuspense | Durgeshnandini Part 8 | Bankim Chandra Chattopadhyay | Mirchi Bangla,4bN8I4D5G9g
Ch-1,2023-04-23T07:30:09Z,688877,860,15166,#SundaySuspense | Budhoda | Madal Paharer Baman Sanyasi Part 1 | Saikat Mukhopadhyay | Mirchi Bangla,7qGbcLpSN9g
Ch-1,2022-11-06T07:30:09Z,663115,3524,20860,#SundaySuspense | The Signal Man | Charles Dickens | Mirchi Bangla,cM6OkLrtxvc
Ch-1,2023-07-30T14:30:10Z,474791,824,9956,#BestOfSundaySuspense | The Man in the Iron Mask - The Complete Saga | Mirchi Bangla,_Sse0iSsthY
Ch-1,2023-12-03T07:30:09Z,570530,705,15728,Sunday Suspense | Mesh Deke Jaay Andhakare | Souvik Guha Sarkar | Mirchi Bangla,fTHFkXB8EaU
Ch-1,2023-10-15T08:30:12Z,254173,248,6647,#SundaySuspense | Debi Choudhurani Part 3 | Bankim Chandra Chattopadhyay | Mirchi Bangla,CPSytvTmW1A
Ch-1,2024-02-18T07:30:11Z,604812,887,13300,Sunday Suspense | Maya Kanan | Manoj Sen | Mirchi Bangla,SKWC6pgJ14Y
Ch-1,2018-12-16T07:45:30Z,780462,400,11731,Sunday Suspense | Muraribabu-r Motorgari | Syed Mustafa Siraj | Mirchi Bangla,92wwbEQXt0U
Ch-1,2022-09-25T07:30:11Z,712226,2057,23560,#SundaySuspense | The Furnished Room | O Henry | Mirchi Bangla,Ka4QGw8zDdU
Ch-1,2023-05-14T14:30:11Z,488714,645,8783,#BestOfSundaySuspense | Dracula - The Complete Saga | Bram Stoker | Mirchi Bangla,bqaLzhAZVpY
Ch-1,2023-03-12T08:00:10Z,476273,548,15339,#SundaySuspense | Drishti Part 2 | Aritri Chatterjee | Mirchi Bangla,GwazlhaXXOk
Ch-1,2023-12-24T07:30:08Z,507055,600,13386,Sunday Suspense | Ben Hur Part 1 | Lew Wallace | Mirchi Bangla,Ll-ZTwwBFvs
Ch-1,2023-07-02T08:30:07Z,671547,591,16441,#SundaySuspense | Kakababu | Rajbarir Rahasya Part 3 | Sunil Gangopadhyay | Mirchi Bangla,NnYDTpXpYXA
Ch-1,2023-08-06T08:00:10Z,428202,234,9011,#SundaySuspense | Lukono Trunk Part 2 | Dipanwita Roy | Mirchi Bangla,YcApvy0YUu8
Ch-1,2022-07-31T07:30:10Z,1685340,2904,33985,#SundaySuspense | Eken Babu | Manhattan ey Manhunt | Sujan Dasgupta | Mirchi Bangla,bw_Bz9kH-Mc
Ch-1,2023-10-15T07:30:11Z,414409,402,10057,#SundaySuspense | Debi Choudhurani Part 1 |  Bankim Chandra Chattopadhyay | Mirchi Bangla,gB6pX3OJYbA
Ch-1,2018-09-28T09:46:24Z,122369,92,2573,Sunday Suspense | Septopus-er Khidey (2009) | Satyajit Ray | Mirchi 98.3,cVJM10HUxAk
